﻿<?xml version="1.0" encoding="utf-8"?>

<!--
 * File: plot2.xml
 * Author: Akram El Assas
-->
<plot id="2">
  <curves>
    <curve id="1">
      <points>
        <point x="1999" y="3.0" />
        <point x="2000" y="3.9" />
        <point x="2001" y="2.0" />
        <point x="2002" y="1.2" />
        <point x="2003" y="1.3" />
        <point x="2004" y="2.5" />
        <point x="2005" y="2.0" />
        <point x="2006" y="3.1" />
        <point x="2007" y="2.9" />
        <point x="2008" y="0.9" />
      </points>
      <label>Europe (EU27)</label>
    </curve>
  </curves>
  <description>
    <![CDATA[
		 Basic plot of one curve. Click and drag to zoom. Double-click to zoom back out.
		]]>
  </description>
</plot>