﻿<?xml version="1.0" encoding="utf-8"?>

<!--
 * File: plot4.xml
 * Author: Akram El Assas
-->

<plot id="4">
  <curves>
    <curve id="1">
      <points>
        <point x="01/01/1999" y="3.0" />
        <point x="01/01/2000" y="3.9" />
        <point x="01/01/2001" y="2.0" />
        <point x="01/01/2002" y="1.2" />
        <point x="01/01/2003" y="1.3" />
        <point x="01/01/2004" y="2.5" />
        <point x="01/01/2005" y="2.0" />
        <point x="01/01/2006" y="3.1" />
        <point x="01/01/2007" y="2.9" />
        <point x="01/01/2008" y="0.9" />
      </points>
      <label>Europe (EU27)</label>
    </curve>
    <curve id="2">
      <points>
        <point x="01/01/1999" y="-0.1" />
        <point x="01/01/2000" y="2.9" />
        <point x="01/01/2001" y="0.2" />
        <point x="01/01/2002" y="0.3" />
        <point x="01/01/2003" y="1.4" />
        <point x="01/01/2004" y="2.7" />
        <point x="01/01/2005" y="1.9" />
        <point x="01/01/2006" y="2.0" />
        <point x="01/01/2007" y="2.3" />
        <point x="01/01/2008" y="-0.7" />
      </points>
      <label>Japan</label>
    </curve>
    <curve id="3">
      <points>
        <point x="01/01/1999" y="4.4" />
        <point x="01/01/2000" y="3.7" />
        <point x="01/01/2001" y="0.8" />
        <point x="01/01/2002" y="1.6" />
        <point x="01/01/2003" y="2.5" />
        <point x="01/01/2004" y="3.6" />
        <point x="01/01/2005" y="2.9" />
        <point x="01/01/2006" y="2.8" />
        <point x="01/01/2007" y="2.0" />
        <point x="01/01/2008" y="1.1" />
      </points>
      <label>USA</label>
    </curve>
  </curves>
  <description>
    <![CDATA[
		  Basic plot of three curves.
		]]>
  </description>
</plot>