﻿<?xml version="1.0" encoding="utf-8"?>

<!--
 * File: plot3.xml
 * Author: Akram El Assas
-->
<plot id="3">
  <curves>
    <curve id="1">
      <points>
        <point x="1/1/2007" y="45" ymin="43" ymax="48" />
        <point x="1/2/2007" y="56" ymin="48" ymax="63" />
        <point x="1/3/2007" y="54" ymin="50" ymax="62" />
        <point x="1/4/2007" y="52" ymin="45" ymax="56" />
        <point x="1/5/2007" y="49" ymin="44" ymax="58" />
        <point x="1/6/2007" y="50" ymin="40" ymax="60" />
        <point x="1/7/2007" y="53" ymin="45" ymax="63" />
        <point x="1/8/2007" y="53" ymin="43" ymax="64" />
        <point x="1/9/2007" y="56" ymin="49" ymax="66" />
        <point x="1/10/2007" y="49" ymin="45" ymax="54" />
        <point x="1/11/2007" y="46" ymin="41" ymax="54" />
        <point x="1/12/2007" y="44" ymin="41" ymax="49" />
        <point x="1/13/2007" y="44" ymin="38" ymax="53" />
        <point x="1/14/2007" y="43" ymin="36" ymax="51" />
        <point x="1/15/2007" y="46" ymin="36" ymax="55" />
        <point x="1/16/2007" y="45" ymin="37" ymax="54" />
        <point x="1/17/2007" y="47" ymin="41" ymax="56" />
        <point x="1/18/2007" y="48" ymin="38" ymax="61" />
        <point x="1/21/2007" y="60" ymin="55" ymax="68" />
        <point x="1/22/2007" y="54" ymin="44" ymax="66" />
        <point x="1/23/2007" y="51" ymin="41" ymax="64" />
        <point x="1/24/2007" y="51" ymin="42" ymax="64" />
        <point x="1/25/2007" y="49" ymin="45" ymax="56" />
        <point x="1/26/2007" y="48" ymin="44" ymax="52" />
        <point x="1/27/2007" y="52" ymin="47" ymax="58" />
        <point x="1/28/2007" y="52" ymin="48" ymax="60" />
        <point x="1/29/2007" y="55" ymin="47" ymax="64" />
        <point x="1/30/2007" y="54" ymin="51" ymax="56" />
        <point x="1/31/2007" y="52" ymin="49" ymax="56" />
        <point x="2/1/2007" y="50" ymin="46" ymax="52" />
        <point x="2/2/2007" y="51" ymin="47" ymax="57" />
        <point x="2/3/2007" y="51" ymin="42" ymax="62" />
        <point x="2/4/2007" y="55" ymin="44" ymax="69" />
        <point x="2/5/2007" y="55" ymin="48" ymax="68" />
        <point x="2/6/2007" y="54" ymin="48" ymax="62" />
        <point x="2/7/2007" y="56" ymin="51" ymax="62" />
        <point x="2/8/2007" y="54" ymin="49" ymax="56" />
        <point x="2/9/2007" y="56" ymin="55" ymax="58" />
        <point x="2/10/2007" y="57" ymin="55" ymax="60" />
        <point x="2/11/2007" y="55" ymin="51" ymax="59" />
        <point x="2/12/2007" y="51" ymin="48" ymax="59" />
        <point x="2/13/2007" y="52" ymin="48" ymax="58" />
        <point x="2/14/2007" y="52" ymin="44" ymax="60" />
        <point x="2/15/2007" y="55" ymin="49" ymax="65" />
        <point x="2/16/2007" y="59" ymin="48" ymax="72" />
        <point x="2/17/2007" y="62" ymin="51" ymax="77" />
        <point x="2/18/2007" y="54" ymin="48" ymax="61" />
        <point x="2/19/2007" y="53" ymin="48" ymax="61" />
        <point x="2/20/2007" y="53" ymin="49" ymax="59" />
        <point x="2/21/2007" y="54" ymin="50" ymax="61" />
        <point x="2/22/2007" y="48" ymin="43" ymax="54" />
        <point x="2/23/2007" y="48" ymin="43" ymax="54" />
        <point x="2/24/2007" y="51" ymin="46" ymax="60" />
        <point x="2/25/2007" y="52" ymin="49" ymax="55" />
        <point x="2/26/2007" y="49" ymin="44" ymax="54" />
        <point x="2/27/2007" y="45" ymin="40" ymax="52" />
        <point x="2/28/2007" y="47" ymin="42" ymax="53" />
        <point x="3/1/2007" y="49" ymin="44" ymax="55" />
        <point x="3/2/2007" y="52" ymin="45" ymax="60" />
        <point x="3/3/2007" y="58" ymin="48" ymax="68" />
        <point x="3/4/2007" y="60" ymin="53" ymax="72" />
        <point x="3/5/2007" y="58" ymin="52" ymax="67" />
        <point x="3/6/2007" y="54" ymin="49" ymax="66" />
        <point x="3/7/2007" y="53" ymin="50" ymax="60" />
        <point x="3/8/2007" y="52" ymin="48" ymax="60" />
        <point x="3/9/2007" y="53" ymin="49" ymax="58" />
        <point x="3/10/2007" y="57" ymin="50" ymax="69" />
        <point x="3/11/2007" y="63" ymin="53" ymax="79" />
        <point x="3/12/2007" y="65" ymin="57" ymax="78" />
        <point x="3/13/2007" y="58" ymin="52" ymax="68" />
        <point x="3/14/2007" y="54" ymin="50" ymax="62" />
        <point x="3/15/2007" y="59" ymin="51" ymax="75" />
        <point x="3/16/2007" y="62" ymin="53" ymax="76" />
        <point x="3/17/2007" y="53" ymin="50" ymax="57" />
        <point x="3/18/2007" y="53" ymin="50" ymax="61" />
        <point x="3/19/2007" y="53" ymin="49" ymax="59" />
        <point x="3/20/2007" y="54" ymin="50" ymax="58" />
        <point x="3/21/2007" y="55" ymin="48" ymax="62" />
        <point x="3/22/2007" y="58" ymin="50" ymax="71" />
        <point x="3/23/2007" y="56" ymin="49" ymax="67" />
        <point x="3/24/2007" y="52" ymin="50" ymax="56" />
        <point x="3/25/2007" y="53" ymin="50" ymax="56" />
        <point x="3/26/2007" y="53" ymin="48" ymax="60" />
        <point x="3/27/2007" y="50" ymin="46" ymax="56" />
        <point x="3/28/2007" y="52" ymin="47" ymax="61" />
        <point x="3/29/2007" y="57" ymin="49" ymax="68" />
        <point x="3/30/2007" y="53" ymin="48" ymax="64" />
        <point x="3/31/2007" y="55" ymin="49" ymax="68" />
        <point x="4/1/2007" y="52" ymin="49" ymax="58" />
        <point x="4/2/2007" y="54" ymin="48" ymax="68" />
        <point x="4/3/2007" y="54" ymin="48" ymax="66" />
        <point x="4/4/2007" y="56" ymin="50" ymax="67" />
        <point x="4/5/2007" y="54" ymin="50" ymax="63" />
        <point x="4/6/2007" y="51" ymin="48" ymax="55" />
        <point x="4/7/2007" y="54" ymin="51" ymax="59" />
        <point x="4/8/2007" y="55" ymin="51" ymax="61" />
        <point x="4/9/2007" y="55" ymin="52" ymax="59" />
        <point x="4/10/2007" y="56" ymin="50" ymax="67" />
        <point x="4/11/2007" y="54" ymin="51" ymax="57" />
        <point x="4/12/2007" y="53" ymin="48" ymax="58" />
        <point x="4/13/2007" y="54" ymin="49" ymax="64" />
        <point x="4/14/2007" y="53" ymin="50" ymax="56" />
        <point x="4/15/2007" y="55" ymin="48" ymax="65" />
        <point x="4/16/2007" y="58" ymin="52" ymax="69" />
        <point x="4/17/2007" y="52" ymin="48" ymax="56" />
        <point x="4/18/2007" y="50" ymin="46" ymax="55" />
        <point x="4/19/2007" y="50" ymin="46" ymax="55" />
        <point x="4/20/2007" y="52" ymin="47" ymax="60" />
        <point x="4/21/2007" y="52" ymin="49" ymax="57" />
        <point x="4/22/2007" y="55" ymin="51" ymax="59" />
        <point x="4/23/2007" y="55" ymin="48" ymax="65" />
        <point x="4/24/2007" y="54" ymin="49" ymax="63" />
        <point x="4/25/2007" y="54" ymin="51" ymax="59" />
        <point x="4/26/2007" y="54" ymin="50" ymax="63" />
        <point x="4/27/2007" y="62" ymin="53" ymax="78" />
        <point x="4/28/2007" y="61" ymin="52" ymax="78" />
        <point x="4/29/2007" y="53" ymin="50" ymax="61" />
        <point x="4/30/2007" y="57" ymin="51" ymax="66" />
        <point x="5/1/2007" y="55" ymin="50" ymax="61" />
        <point x="5/2/2007" y="56" ymin="52" ymax="62" />
        <point x="5/3/2007" y="53" ymin="50" ymax="58" />
        <point x="5/4/2007" y="54" ymin="50" ymax="60" />
        <point x="5/5/2007" y="59" ymin="50" ymax="70" />
        <point x="5/6/2007" y="72" ymin="57" ymax="86" />
        <point x="5/7/2007" y="76" ymin="69" ymax="88" />
        <point x="5/8/2007" y="68" ymin="53" ymax="79" />
        <point x="5/9/2007" y="55" ymin="50" ymax="61" />
        <point x="5/10/2007" y="54" ymin="50" ymax="61" />
        <point x="5/11/2007" y="52" ymin="49" ymax="56" />
        <point x="5/12/2007" y="54" ymin="50" ymax="60" />
        <point x="5/13/2007" y="55" ymin="47" ymax="66" />
        <point x="5/14/2007" y="53" ymin="49" ymax="60" />
        <point x="5/15/2007" y="52" ymin="49" ymax="59" />
        <point x="5/16/2007" y="55" ymin="48" ymax="66" />
        <point x="5/17/2007" y="54" ymin="49" ymax="61" />
        <point x="5/18/2007" y="55" ymin="50" ymax="63" />
        <point x="5/19/2007" y="57" ymin="52" ymax="66" />
        <point x="5/20/2007" y="57" ymin="51" ymax="67" />
        <point x="5/21/2007" y="59" ymin="49" ymax="69" />
        <point x="5/22/2007" y="61" ymin="52" ymax="71" />
        <point x="5/23/2007" y="68" ymin="56" ymax="83" />
        <point x="5/24/2007" y="56" ymin="50" ymax="69" />
        <point x="5/25/2007" y="52" ymin="50" ymax="60" />
        <point x="5/26/2007" y="52" ymin="50" ymax="60" />
        <point x="5/27/2007" y="52" ymin="50" ymax="56" />
        <point x="5/28/2007" y="55" ymin="50" ymax="64" />
        <point x="5/29/2007" y="54" ymin="51" ymax="59" />
        <point x="5/30/2007" y="54" ymin="53" ymax="57" />
        <point x="5/31/2007" y="54" ymin="52" ymax="57" />
        <point x="6/1/2007" y="53" ymin="50" ymax="59" />
        <point x="6/2/2007" y="52" ymin="50" ymax="56" />
        <point x="6/3/2007" y="54" ymin="51" ymax="61" />
        <point x="6/4/2007" y="59" ymin="55" ymax="65" />
        <point x="6/5/2007" y="57" ymin="54" ymax="61" />
        <point x="6/6/2007" y="56" ymin="52" ymax="62" />
        <point x="6/7/2007" y="57" ymin="51" ymax="68" />
        <point x="6/8/2007" y="54" ymin="51" ymax="62" />
        <point x="6/9/2007" y="58" ymin="50" ymax="66" />
        <point x="6/10/2007" y="58" ymin="53" ymax="64" />
        <point x="6/11/2007" y="58" ymin="52" ymax="66" />
        <point x="6/12/2007" y="60" ymin="52" ymax="72" />
        <point x="6/13/2007" y="68" ymin="57" ymax="80" />
        <point x="6/14/2007" y="67" ymin="57" ymax="84" />
        <point x="6/15/2007" y="62" ymin="54" ymax="76" />
        <point x="6/16/2007" y="55" ymin="52" ymax="59" />
        <point x="6/17/2007" y="59" ymin="52" ymax="70" />
        <point x="6/18/2007" y="56" ymin="52" ymax="64" />
        <point x="6/19/2007" y="58" ymin="54" ymax="65" />
        <point x="6/20/2007" y="56" ymin="54" ymax="61" />
        <point x="6/21/2007" y="59" ymin="53" ymax="67" />
        <point x="6/22/2007" y="59" ymin="53" ymax="67" />
        <point x="6/23/2007" y="58" ymin="53" ymax="67" />
        <point x="6/24/2007" y="58" ymin="52" ymax="66" />
        <point x="6/25/2007" y="60" ymin="52" ymax="75" />
        <point x="6/26/2007" y="57" ymin="51" ymax="65" />
        <point x="6/27/2007" y="59" ymin="53" ymax="67" />
        <point x="6/28/2007" y="61" ymin="54" ymax="72" />
        <point x="6/29/2007" y="61" ymin="55" ymax="72" />
        <point x="6/30/2007" y="58" ymin="53" ymax="66" />
        <point x="7/1/2007" y="59" ymin="52" ymax="68" />
        <point x="7/2/2007" y="62" ymin="55" ymax="71" />
        <point x="7/3/2007" y="59" ymin="54" ymax="64" />
        <point x="7/4/2007" y="64" ymin="55" ymax="75" />
        <point x="7/5/2007" y="62" ymin="55" ymax="72" />
        <point x="7/6/2007" y="57" ymin="53" ymax="62" />
        <point x="7/7/2007" y="54" ymin="52" ymax="58" />
        <point x="7/8/2007" y="57" ymin="53" ymax="65" />
        <point x="7/9/2007" y="59" ymin="55" ymax="67" />
        <point x="7/10/2007" y="61" ymin="56" ymax="70" />
        <point x="7/11/2007" y="65" ymin="59" ymax="74" />
        <point x="7/12/2007" y="66" ymin="58" ymax="75" />
        <point x="7/13/2007" y="65" ymin="57" ymax="78" />
        <point x="7/14/2007" y="60" ymin="56" ymax="69" />
        <point x="7/15/2007" y="63" ymin="57" ymax="72" />
        <point x="7/16/2007" y="60" ymin="56" ymax="67" />
        <point x="7/17/2007" y="62" ymin="56" ymax="73" />
        <point x="7/18/2007" y="66" ymin="61" ymax="74" />
        <point x="7/19/2007" y="62" ymin="58" ymax="72" />
        <point x="7/20/2007" y="64" ymin="58" ymax="73" />
        <point x="7/21/2007" y="66" ymin="60" ymax="76" />
        <point x="7/22/2007" y="65" ymin="60" ymax="74" />
        <point x="7/23/2007" y="64" ymin="58" ymax="76" />
        <point x="7/24/2007" y="60" ymin="56" ymax="71" />
        <point x="7/25/2007" y="59" ymin="56" ymax="64" />
        <point x="7/26/2007" y="58" ymin="55" ymax="72" />
        <point x="7/27/2007" y="60" ymin="55" ymax="72" />
        <point x="7/28/2007" y="61" ymin="55" ymax="70" />
        <point x="7/29/2007" y="60" ymin="55" ymax="74" />
        <point x="7/30/2007" y="63" ymin="55" ymax="80" />
        <point x="7/31/2007" y="59" ymin="54" ymax="68" />
        <point x="8/1/2007" y="60" ymin="55" ymax="69" />
        <point x="8/2/2007" y="61" ymin="55" ymax="70" />
        <point x="8/3/2007" y="60" ymin="54" ymax="71" />
        <point x="8/4/2007" y="58" ymin="54" ymax="67" />
        <point x="8/5/2007" y="58" ymin="55" ymax="62" />
        <point x="8/6/2007" y="60" ymin="56" ymax="68" />
        <point x="8/7/2007" y="61" ymin="56" ymax="69" />
        <point x="8/8/2007" y="59" ymin="56" ymax="65" />
        <point x="8/9/2007" y="61" ymin="57" ymax="72" />
        <point x="8/10/2007" y="62" ymin="55" ymax="73" />
        <point x="8/11/2007" y="60" ymin="56" ymax="68" />
        <point x="8/12/2007" y="60" ymin="54" ymax="70" />
        <point x="8/13/2007" y="61" ymin="55" ymax="74" />
        <point x="8/14/2007" y="60" ymin="55" ymax="71" />
        <point x="8/15/2007" y="61" ymin="54" ymax="70" />
        <point x="8/16/2007" y="62" ymin="57" ymax="72" />
        <point x="8/17/2007" y="64" ymin="53" ymax="77" />
        <point x="8/18/2007" y="62" ymin="56" ymax="71" />
        <point x="8/19/2007" y="64" ymin="57" ymax="75" />
        <point x="8/20/2007" y="65" ymin="59" ymax="74" />
        <point x="8/21/2007" y="65" ymin="58" ymax="80" />
        <point x="8/22/2007" y="65" ymin="57" ymax="80" />
        <point x="8/23/2007" y="62" ymin="56" ymax="73" />
        <point x="8/24/2007" y="62" ymin="58" ymax="70" />
        <point x="8/25/2007" y="62" ymin="58" ymax="71" />
        <point x="8/26/2007" y="61" ymin="57" ymax="68" />
        <point x="8/27/2007" y="61" ymin="56" ymax="71" />
        <point x="8/28/2007" y="66" ymin="55" ymax="82" />
        <point x="8/29/2007" y="69" ymin="61" ymax="83" />
        <point x="8/30/2007" y="71" ymin="62" ymax="82" />
        <point x="8/31/2007" y="64" ymin="59" ymax="72" />
        <point x="9/1/2007" y="66" ymin="58" ymax="80" />
        <point x="9/2/2007" y="67" ymin="58" ymax="86" />
        <point x="9/3/2007" y="63" ymin="58" ymax="71" />
        <point x="9/4/2007" y="64" ymin="60" ymax="72" />
        <point x="9/5/2007" y="68" ymin="58" ymax="84" />
        <point x="9/6/2007" y="64" ymin="60" ymax="69" />
        <point x="9/7/2007" y="63" ymin="59" ymax="71" />
        <point x="9/8/2007" y="61" ymin="58" ymax="66" />
        <point x="9/9/2007" y="61" ymin="59" ymax="66" />
        <point x="9/10/2007" y="64" ymin="60" ymax="71" />
        <point x="9/11/2007" y="62" ymin="59" ymax="70" />
        <point x="9/12/2007" y="62" ymin="59" ymax="65" />
        <point x="9/13/2007" y="65" ymin="59" ymax="74" />
        <point x="9/14/2007" y="66" ymin="60" ymax="74" />
        <point x="9/15/2007" y="62" ymin="58" ymax="72" />
        <point x="9/16/2007" y="63" ymin="59" ymax="71" />
        <point x="9/17/2007" y="62" ymin="56" ymax="71" />
        <point x="9/18/2007" y="60" ymin="56" ymax="67" />
        <point x="9/19/2007" y="57" ymin="54" ymax="63" />
        <point x="9/20/2007" y="59" ymin="54" ymax="72" />
        <point x="9/21/2007" y="62" ymin="58" ymax="73" />
        <point x="9/22/2007" y="60" ymin="58" ymax="65" />
        <point x="9/23/2007" y="61" ymin="56" ymax="67" />
        <point x="9/24/2007" y="62" ymin="52" ymax="78" />
        <point x="9/25/2007" y="66" ymin="54" ymax="86" />
        <point x="9/26/2007" y="70" ymin="58" ymax="92" />
        <point x="9/27/2007" y="61" ymin="57" ymax="68" />
        <point x="9/28/2007" y="59" ymin="55" ymax="63" />
        <point x="9/29/2007" y="60" ymin="51" ymax="74" />
        <point x="9/30/2007" y="60" ymin="51" ymax="71" />
        <point x="10/1/2007" y="62" ymin="56" ymax="71" />
        <point x="10/2/2007" y="62" ymin="54" ymax="76" />
        <point x="10/3/2007" y="59" ymin="53" ymax="67" />
        <point x="10/4/2007" y="55" ymin="53" ymax="59" />
        <point x="10/5/2007" y="56" ymin="51" ymax="62" />
        <point x="10/6/2007" y="57" ymin="48" ymax="68" />
        <point x="10/7/2007" y="59" ymin="51" ymax="75" />
        <point x="10/8/2007" y="59" ymin="52" ymax="78" />
        <point x="10/9/2007" y="59" ymin="52" ymax="67" />
        <point x="10/31/2007" y="60" ymin="53" ymax="67" />
        <point x="11/1/2007" y="56" ymin="51" ymax="72" />
        <point x="11/2/2007" y="60" ymin="49" ymax="82" />
        <point x="11/3/2007" y="61" ymin="50" ymax="79" />
        <point x="11/4/2007" y="62" ymin="53" ymax="80" />
        <point x="11/5/2007" y="54" ymin="50" ymax="59" />
        <point x="11/6/2007" y="54" ymin="50" ymax="61" />
        <point x="11/7/2007" y="53" ymin="50" ymax="59" />
        <point x="11/8/2007" y="56" ymin="53" ymax="60" />
        <point x="11/9/2007" y="58" ymin="53" ymax="66" />
        <point x="11/10/2007" y="57" ymin="52" ymax="62" />
        <point x="11/11/2007" y="56" ymin="51" ymax="64" />
        <point x="11/12/2007" y="56" ymin="47" ymax="68" />
        <point x="11/13/2007" y="61" ymin="57" ymax="73" />
        <point x="11/14/2007" y="61" ymin="53" ymax="72" />
        <point x="11/15/2007" y="59" ymin="56" ymax="67" />
        <point x="11/16/2007" y="56" ymin="54" ymax="61" />
        <point x="11/17/2007" y="56" ymin="53" ymax="61" />
        <point x="11/18/2007" y="57" ymin="53" ymax="63" />
        <point x="11/19/2007" y="56" ymin="50" ymax="60" />
        <point x="11/20/2007" y="54" ymin="48" ymax="63" />
        <point x="11/21/2007" y="53" ymin="44" ymax="66" />
        <point x="11/22/2007" y="54" ymin="46" ymax="68" />
        <point x="11/23/2007" y="57" ymin="44" ymax="72" />
        <point x="11/24/2007" y="54" ymin="44" ymax="65" />
        <point x="11/25/2007" y="55" ymin="51" ymax="62" />
        <point x="11/26/2007" y="54" ymin="47" ymax="65" />
        <point x="11/27/2007" y="55" ymin="50" ymax="65" />
        <point x="11/28/2007" y="56" ymin="47" ymax="66" />
        <point x="11/29/2007" y="53" ymin="48" ymax="64" />
        <point x="11/30/2007" y="49" ymin="45" ymax="57" />
        <point x="12/1/2007" y="49" ymin="46" ymax="56" />
        <point x="12/2/2007" y="54" ymin="47" ymax="59" />
        <point x="12/3/2007" y="59" ymin="52" ymax="64" />
        <point x="12/4/2007" y="57" ymin="31" ymax="69" />
        <point x="12/5/2007" y="56" ymin="52" ymax="63" />
        <point x="12/6/2007" y="52" ymin="51" ymax="54" />
        <point x="12/7/2007" y="52" ymin="48" ymax="57" />
        <point x="12/8/2007" y="49" ymin="42" ymax="56" />
        <point x="12/9/2007" y="51" ymin="44" ymax="59" />
        <point x="12/10/2007" y="50" ymin="45" ymax="59" />
        <point x="12/11/2007" y="52" ymin="46" ymax="59" />
        <point x="12/12/2007" y="49" ymin="42" ymax="57" />
        <point x="12/13/2007" y="49" ymin="42" ymax="59" />
        <point x="12/14/2007" y="48" ymin="40" ymax="57" />
        <point x="12/15/2007" y="49" ymin="43" ymax="56" />
        <point x="12/16/2007" y="51" ymin="46" ymax="57" />
        <point x="12/17/2007" y="52" ymin="48" ymax="56" />
        <point x="12/18/2007" y="52" ymin="49" ymax="55" />
        <point x="12/19/2007" y="51" ymin="46" ymax="57" />
        <point x="12/20/2007" y="51" ymin="45" ymax="56" />
        <point x="12/21/2007" y="48" ymin="43" ymax="54" />
        <point x="12/22/2007" y="46" ymin="39" ymax="53" />
        <point x="12/23/2007" y="51" ymin="44" ymax="61" />
        <point x="12/24/2007" y="53" ymin="49" ymax="60" />
        <point x="12/25/2007" y="49" ymin="41" ymax="57" />
        <point x="12/26/2007" y="48" ymin="44" ymax="55" />
        <point x="12/27/2007" y="46" ymin="41" ymax="52" />
        <point x="12/28/2007" y="44" ymin="41" ymax="45" />
        <point x="12/29/2007" y="48" ymin="45" ymax="52" />
        <point x="12/30/2007" y="49" ymin="46" ymax="53" />
        <point x="12/31/2007" y="47" ymin="38" ymax="56" />
        <point x="1/1/2008" y="50" ymin="42" ymax="58" />
        <point x="1/2/2008" y="50" ymin="43" ymax="60" />
        <point x="1/3/2008" y="53" ymin="51" ymax="58" />
        <point x="1/4/2008" y="53" ymin="51" ymax="59" />
        <point x="1/5/2008" y="49" ymin="46" ymax="51" />
        <point x="1/6/2008" y="47" ymin="42" ymax="51" />
        <point x="1/7/2008" y="48" ymin="43" ymax="53" />
        <point x="1/8/2008" y="49" ymin="44" ymax="53" />
        <point x="1/9/2008" y="49" ymin="46" ymax="52" />
        <point x="1/10/2008" y="50" ymin="48" ymax="51" />
        <point x="1/11/2008" y="51" ymin="48" ymax="55" />
        <point x="1/12/2008" y="51" ymin="46" ymax="58" />
        <point x="1/13/2008" y="51" ymin="44" ymax="60" />
        <point x="1/14/2008" y="51" ymin="46" ymax="58" />
        <point x="1/15/2008" y="49" ymin="44" ymax="57" />
        <point x="1/16/2008" y="50" ymin="41" ymax="60" />
        <point x="1/17/2008" y="50" ymin="44" ymax="61" />
        <point x="1/18/2008" y="52" ymin="42" ymax="63" />
        <point x="1/19/2008" y="50" ymin="42" ymax="62" />
        <point x="1/20/2008" y="49" ymin="46" ymax="53" />
        <point x="1/21/2008" y="45" ymin="43" ymax="46" />
        <point x="1/22/2008" y="44" ymin="42" ymax="47" />
        <point x="1/23/2008" y="44" ymin="42" ymax="49" />
        <point x="1/24/2008" y="44" ymin="43" ymax="45" />
        <point x="1/25/2008" y="49" ymin="45" ymax="52" />
        <point x="1/26/2008" y="55" ymin="52" ymax="62" />
        <point x="1/27/2008" y="51" ymin="45" ymax="54" />
        <point x="1/28/2008" y="46" ymin="42" ymax="51" />
        <point x="1/29/2008" y="45" ymin="41" ymax="49" />
        <point x="1/30/2008" y="47" ymin="42" ymax="54" />
        <point x="1/31/2008" y="48" ymin="45" ymax="52" />
        <point x="2/1/2008" y="46" ymin="40" ymax="52" />
        <point x="2/2/2008" y="47" ymin="42" ymax="53" />
        <point x="2/3/2008" y="49" ymin="46" ymax="52" />
        <point x="2/4/2008" y="49" ymin="43" ymax="58" />
        <point x="2/5/2008" y="49" ymin="40" ymax="58" />
        <point x="2/6/2008" y="50" ymin="47" ymax="55" />
        <point x="2/7/2008" y="50" ymin="43" ymax="58" />
        <point x="2/8/2008" y="53" ymin="46" ymax="65" />
        <point x="2/9/2008" y="57" ymin="46" ymax="69" />
        <point x="2/10/2008" y="57" ymin="49" ymax="70" />
        <point x="2/11/2008" y="56" ymin="48" ymax="69" />
        <point x="2/12/2008" y="54" ymin="46" ymax="70" />
        <point x="2/13/2008" y="57" ymin="48" ymax="65" />
        <point x="2/14/2008" y="54" ymin="49" ymax="64" />
        <point x="2/15/2008" y="52" ymin="46" ymax="60" />
        <point x="2/16/2008" y="51" ymin="45" ymax="64" />
        <point x="2/17/2008" y="50" ymin="46" ymax="55" />
        <point x="2/18/2008" y="50" ymin="47" ymax="58" />
        <point x="2/19/2008" y="51" ymin="48" ymax="53" />
        <point x="2/20/2008" y="51" ymin="48" ymax="57" />
        <point x="2/21/2008" y="51" ymin="48" ymax="56" />
        <point x="2/22/2008" y="50" ymin="46" ymax="56" />
        <point x="2/23/2008" y="48" ymin="43" ymax="54" />
        <point x="2/24/2008" y="54" ymin="52" ymax="58" />
        <point x="2/25/2008" y="55" ymin="49" ymax="63" />
        <point x="2/26/2008" y="58" ymin="48" ymax="70" />
        <point x="2/27/2008" y="58" ymin="52" ymax="71" />
        <point x="2/28/2008" y="56" ymin="48" ymax="74" />
        <point x="2/29/2008" y="52" ymin="48" ymax="62" />
        <point x="3/1/2008" y="53" ymin="50" ymax="59" />
        <point x="3/2/2008" y="59" ymin="49" ymax="71" />
        <point x="3/3/2008" y="57" ymin="47" ymax="72" />
        <point x="3/4/2008" y="55" ymin="46" ymax="68" />
        <point x="3/5/2008" y="55" ymin="46" ymax="71" />
        <point x="3/6/2008" y="55" ymin="47" ymax="65" />
        <point x="3/7/2008" y="56" ymin="48" ymax="69" />
        <point x="3/8/2008" y="55" ymin="49" ymax="66" />
        <point x="3/9/2008" y="58" ymin="47" ymax="76" />
        <point x="3/10/2008" y="58" ymin="52" ymax="70" />
        <point x="3/11/2008" y="54" ymin="50" ymax="66" />
        <point x="3/12/2008" y="53" ymin="48" ymax="63" />
        <point x="3/13/2008" y="55" ymin="30" ymax="61" />
        <point x="3/14/2008" y="52" ymin="49" ymax="58" />
        <point x="3/15/2008" y="50" ymin="43" ymax="57" />
        <point x="3/16/2008" y="55" ymin="47" ymax="68" />
        <point x="3/17/2008" y="56" ymin="49" ymax="66" />
        <point x="3/18/2008" y="55" ymin="48" ymax="64" />
        <point x="3/19/2008" y="52" ymin="49" ymax="60" />
        <point x="3/20/2008" y="51" ymin="46" ymax="59" />
        <point x="3/21/2008" y="54" ymin="47" ymax="67" />
        <point x="3/22/2008" y="55" ymin="46" ymax="73" />
        <point x="3/23/2008" y="54" ymin="46" ymax="66" />
        <point x="3/24/2008" y="54" ymin="47" ymax="64" />
        <point x="3/25/2008" y="53" ymin="49" ymax="59" />
        <point x="3/26/2008" y="52" ymin="48" ymax="60" />
        <point x="3/27/2008" y="50" ymin="45" ymax="59" />
        <point x="3/28/2008" y="52" ymin="46" ymax="60" />
        <point x="3/29/2008" y="52" ymin="48" ymax="59" />
        <point x="3/30/2008" y="49" ymin="44" ymax="56" />
        <point x="3/31/2008" y="50" ymin="41" ymax="62" />
        <point x="4/1/2008" y="53" ymin="49" ymax="60" />
        <point x="4/2/2008" y="54" ymin="48" ymax="62" />
        <point x="4/3/2008" y="53" ymin="48" ymax="62" />
        <point x="4/4/2008" y="50" ymin="45" ymax="57" />
        <point x="4/5/2008" y="50" ymin="46" ymax="57" />
        <point x="4/6/2008" y="52" ymin="48" ymax="59" />
        <point x="4/7/2008" y="51" ymin="45" ymax="59" />
        <point x="4/8/2008" y="50" ymin="47" ymax="55" />
        <point x="4/9/2008" y="52" ymin="47" ymax="59" />
        <point x="4/10/2008" y="55" ymin="46" ymax="66" />
        <point x="4/11/2008" y="65" ymin="50" ymax="84" />
        <point x="4/12/2008" y="71" ymin="57" ymax="87" />
        <point x="4/13/2008" y="64" ymin="51" ymax="80" />
        <point x="4/14/2008" y="52" ymin="48" ymax="58" />
        <point x="4/15/2008" y="51" ymin="45" ymax="60" />
        <point x="4/16/2008" y="51" ymin="46" ymax="66" />
        <point x="4/17/2008" y="57" ymin="49" ymax="75" />
        <point x="4/18/2008" y="52" ymin="48" ymax="60" />
        <point x="4/19/2008" y="49" ymin="45" ymax="55" />
        <point x="4/20/2008" y="48" ymin="43" ymax="55" />
        <point x="4/21/2008" y="49" ymin="44" ymax="57" />
        <point x="4/22/2008" y="54" ymin="48" ymax="64" />
        <point x="4/23/2008" y="53" ymin="48" ymax="60" />
        <point x="4/24/2008" y="53" ymin="45" ymax="65" />
        <point x="4/25/2008" y="57" ymin="48" ymax="69" />
        <point x="4/26/2008" y="62" ymin="51" ymax="78" />
        <point x="4/27/2008" y="62" ymin="53" ymax="77" />
        <point x="4/28/2008" y="56" ymin="49" ymax="66" />
        <point x="4/29/2008" y="53" ymin="50" ymax="61" />
        <point x="4/30/2008" y="52" ymin="47" ymax="60" />
        <point x="5/1/2008" y="55" ymin="47" ymax="66" />
        <point x="5/2/2008" y="53" ymin="49" ymax="60" />
        <point x="5/3/2008" y="54" ymin="48" ymax="63" />
        <point x="5/4/2008" y="52" ymin="49" ymax="59" />
        <point x="5/5/2008" y="53" ymin="48" ymax="61" />
        <point x="5/6/2008" y="56" ymin="49" ymax="68" />
        <point x="5/7/2008" y="55" ymin="49" ymax="65" />
        <point x="5/8/2008" y="53" ymin="48" ymax="62" />
        <point x="5/9/2008" y="54" ymin="46" ymax="65" />
        <point x="5/10/2008" y="54" ymin="47" ymax="64" />
        <point x="5/11/2008" y="54" ymin="48" ymax="64" />
        <point x="5/12/2008" y="56" ymin="50" ymax="66" />
        <point x="5/13/2008" y="61" ymin="49" ymax="78" />
        <point x="5/14/2008" y="69" ymin="55" ymax="85" />
        <point x="5/15/2008" y="81" ymin="68" ymax="102" />
        <point x="5/16/2008" y="77" ymin="65" ymax="99" />
        <point x="5/17/2008" y="63" ymin="52" ymax="73" />
        <point x="5/18/2008" y="54" ymin="51" ymax="62" />
        <point x="5/19/2008" y="54" ymin="50" ymax="60" />
        <point x="5/20/2008" y="56" ymin="52" ymax="63" />
        <point x="5/21/2008" y="57" ymin="50" ymax="65" />
        <point x="5/22/2008" y="58" ymin="52" ymax="68" />
        <point x="5/23/2008" y="55" ymin="49" ymax="65" />
        <point x="5/24/2008" y="54" ymin="51" ymax="62" />
        <point x="5/25/2008" y="56" ymin="50" ymax="64" />
        <point x="5/26/2008" y="55" ymin="50" ymax="62" />
        <point x="5/27/2008" y="56" ymin="51" ymax="64" />
        <point x="5/28/2008" y="58" ymin="52" ymax="67" />
        <point x="5/29/2008" y="57" ymin="53" ymax="63" />
        <point x="5/30/2008" y="56" ymin="52" ymax="66" />
        <point x="5/31/2008" y="54" ymin="52" ymax="60" />
        <point x="6/1/2008" y="55" ymin="49" ymax="63" />
        <point x="6/2/2008" y="54" ymin="49" ymax="62" />
        <point x="6/3/2008" y="55" ymin="51" ymax="62" />
        <point x="6/4/2008" y="54" ymin="51" ymax="62" />
        <point x="6/5/2008" y="58" ymin="51" ymax="70" />
        <point x="6/6/2008" y="57" ymin="51" ymax="66" />
        <point x="6/7/2008" y="59" ymin="50" ymax="70" />
        <point x="6/8/2008" y="61" ymin="52" ymax="74" />
        <point x="6/9/2008" y="66" ymin="54" ymax="83" />
        <point x="6/10/2008" y="64" ymin="53" ymax="77" />
        <point x="6/11/2008" y="65" ymin="57" ymax="79" />
        <point x="6/12/2008" y="67" ymin="55" ymax="93" />
        <point x="6/13/2008" y="56" ymin="50" ymax="65" />
        <point x="6/14/2008" y="56" ymin="52" ymax="65" />
        <point x="6/15/2008" y="54" ymin="50" ymax="61" />
        <point x="6/16/2008" y="52" ymin="49" ymax="58" />
        <point x="6/17/2008" y="60" ymin="48" ymax="78" />
        <point x="6/18/2008" y="65" ymin="54" ymax="79" />
        <point x="6/19/2008" y="72" ymin="57" ymax="92" />
        <point x="6/20/2008" y="80" ymin="63" ymax="102" />
        <point x="6/21/2008" y="75" ymin="56" ymax="85" />
        <point x="6/22/2008" y="56" ymin="51" ymax="63" />
        <point x="6/23/2008" y="52" ymin="50" ymax="56" />
        <point x="6/24/2008" y="58" ymin="50" ymax="71" />
        <point x="6/25/2008" y="56" ymin="51" ymax="64" />
        <point x="6/26/2008" y="57" ymin="50" ymax="70" />
        <point x="6/27/2008" y="57" ymin="52" ymax="62" />
        <point x="6/28/2008" y="58" ymin="55" ymax="64" />
        <point x="6/29/2008" y="57" ymin="53" ymax="65" />
        <point x="6/30/2008" y="57" ymin="52" ymax="68" />
        <point x="7/1/2008" y="58" ymin="53" ymax="67" />
        <point x="7/2/2008" y="56" ymin="52" ymax="65" />
        <point x="7/3/2008" y="60" ymin="54" ymax="71" />
        <point x="7/4/2008" y="60" ymin="55" ymax="69" />
        <point x="7/5/2008" y="62" ymin="56" ymax="74" />
        <point x="7/6/2008" y="62" ymin="56" ymax="74" />
        <point x="7/7/2008" y="66" ymin="56" ymax="80" />
        <point x="7/8/2008" y="69" ymin="59" ymax="86" />
        <point x="7/9/2008" y="69" ymin="62" ymax="82" />
        <point x="7/10/2008" y="64" ymin="59" ymax="72" />
        <point x="7/11/2008" y="64" ymin="58" ymax="73" />
        <point x="7/12/2008" y="64" ymin="60" ymax="73" />
        <point x="7/13/2008" y="64" ymin="60" ymax="71" />
        <point x="7/14/2008" y="62" ymin="59" ymax="68" />
        <point x="7/15/2008" y="62" ymin="59" ymax="70" />
        <point x="7/16/2008" y="60" ymin="57" ymax="66" />
        <point x="7/17/2008" y="58" ymin="54" ymax="65" />
        <point x="7/18/2008" y="56" ymin="52" ymax="64" />
        <point x="7/19/2008" y="57" ymin="53" ymax="63" />
        <point x="7/20/2008" y="55" ymin="52" ymax="63" />
        <point x="7/21/2008" y="57" ymin="54" ymax="63" />
        <point x="7/22/2008" y="60" ymin="52" ymax="73" />
        <point x="7/23/2008" y="61" ymin="54" ymax="76" />
        <point x="7/24/2008" y="60" ymin="52" ymax="72" />
        <point x="7/25/2008" y="61" ymin="52" ymax="72" />
        <point x="7/26/2008" y="65" ymin="55" ymax="79" />
        <point x="7/27/2008" y="57" ymin="55" ymax="62" />
        <point x="7/28/2008" y="57" ymin="54" ymax="65" />
        <point x="7/29/2008" y="59" ymin="55" ymax="68" />
        <point x="7/30/2008" y="60" ymin="56" ymax="69" />
        <point x="7/31/2008" y="58" ymin="55" ymax="69" />
        <point x="8/1/2008" y="62" ymin="55" ymax="74" />
        <point x="8/2/2008" y="64" ymin="55" ymax="79" />
        <point x="8/3/2008" y="57" ymin="54" ymax="62" />
        <point x="8/4/2008" y="56" ymin="53" ymax="65" />
        <point x="8/5/2008" y="56" ymin="52" ymax="64" />
        <point x="8/6/2008" y="57" ymin="54" ymax="68" />
        <point x="8/7/2008" y="57" ymin="54" ymax="66" />
        <point x="8/8/2008" y="58" ymin="54" ymax="66" />
        <point x="8/9/2008" y="59" ymin="54" ymax="67" />
        <point x="8/10/2008" y="64" ymin="53" ymax="79" />
        <point x="8/11/2008" y="63" ymin="56" ymax="78" />
        <point x="8/12/2008" y="63" ymin="55" ymax="79" />
        <point x="8/13/2008" y="64" ymin="56" ymax="82" />
        <point x="8/14/2008" y="61" ymin="55" ymax="74" />
        <point x="8/15/2008" y="62" ymin="55" ymax="75" />
        <point x="8/16/2008" y="60" ymin="57" ymax="66" />
        <point x="8/17/2008" y="60" ymin="57" ymax="69" />
        <point x="8/18/2008" y="62" ymin="58" ymax="68" />
        <point x="8/19/2008" y="62" ymin="58" ymax="73" />
        <point x="8/20/2008" y="65" ymin="58" ymax="74" />
        <point x="8/21/2008" y="64" ymin="60" ymax="73" />
        <point x="8/22/2008" y="62" ymin="58" ymax="72" />
        <point x="8/23/2008" y="62" ymin="57" ymax="71" />
        <point x="8/24/2008" y="64" ymin="57" ymax="73" />
        <point x="8/25/2008" y="62" ymin="58" ymax="72" />
        <point x="8/26/2008" y="61" ymin="55" ymax="79" />
        <point x="8/27/2008" y="70" ymin="59" ymax="88" />
        <point x="8/28/2008" y="72" ymin="62" ymax="86" />
        <point x="8/29/2008" y="67" ymin="59" ymax="84" />
        <point x="8/30/2008" y="61" ymin="57" ymax="70" />
        <point x="8/31/2008" y="61" ymin="54" ymax="73" />
        <point x="9/1/2008" y="68" ymin="57" ymax="83" />
        <point x="9/2/2008" y="68" ymin="58" ymax="85" />
        <point x="9/3/2008" y="69" ymin="59" ymax="87" />
        <point x="9/4/2008" y="73" ymin="60" ymax="94" />
        <point x="9/5/2008" y="74" ymin="63" ymax="92" />
        <point x="9/6/2008" y="72" ymin="63" ymax="84" />
        <point x="9/7/2008" y="62" ymin="56" ymax="70" />
        <point x="9/8/2008" y="60" ymin="55" ymax="67" />
        <point x="9/9/2008" y="60" ymin="58" ymax="65" />
        <point x="9/10/2008" y="61" ymin="57" ymax="68" />
        <point x="9/11/2008" y="60" ymin="56" ymax="66" />
        <point x="9/12/2008" y="57" ymin="55" ymax="63" />
        <point x="9/13/2008" y="59" ymin="55" ymax="67" />
        <point x="9/14/2008" y="59" ymin="55" ymax="67" />
        <point x="9/15/2008" y="58" ymin="54" ymax="67" />
        <point x="9/16/2008" y="58" ymin="54" ymax="65" />
        <point x="9/17/2008" y="60" ymin="56" ymax="67" />
        <point x="9/18/2008" y="60" ymin="53" ymax="70" />
        <point x="9/19/2008" y="62" ymin="55" ymax="72" />
        <point x="9/20/2008" y="62" ymin="59" ymax="69" />
        <point x="9/21/2008" y="61" ymin="57" ymax="70" />
        <point x="9/22/2008" y="64" ymin="55" ymax="79" />
        <point x="9/23/2008" y="67" ymin="56" ymax="85" />
        <point x="9/24/2008" y="64" ymin="57" ymax="74" />
        <point x="9/25/2008" y="65" ymin="57" ymax="76" />
        <point x="9/26/2008" y="63" ymin="56" ymax="75" />
        <point x="9/27/2008" y="62" ymin="54" ymax="78" />
        <point x="9/28/2008" y="59" ymin="55" ymax="65" />
        <point x="9/29/2008" y="61" ymin="57" ymax="67" />
        <point x="9/30/2008" y="63" ymin="57" ymax="76" />
        <point x="10/1/2008" y="64" ymin="59" ymax="74" />
        <point x="10/2/2008" y="65" ymin="60" ymax="73" />
        <point x="10/3/2008" y="63" ymin="59" ymax="71" />
        <point x="10/4/2008" y="62" ymin="58" ymax="68" />
        <point x="10/5/2008" y="62" ymin="57" ymax="69" />
        <point x="10/6/2008" y="64" ymin="59" ymax="76" />
        <point x="10/7/2008" y="64" ymin="56" ymax="79" />
        <point x="10/8/2008" y="64" ymin="58" ymax="75" />
        <point x="10/9/2008" y="61" ymin="54" ymax="71" />
        <point x="10/10/2008" y="58" ymin="54" ymax="64" />
        <point x="10/11/2008" y="60" ymin="55" ymax="67" />
        <point x="10/12/2008" y="62" ymin="55" ymax="72" />
        <point x="10/13/2008" y="64" ymin="58" ymax="77" />
        <point x="10/14/2008" y="63" ymin="53" ymax="80" />
        <point x="10/15/2008" y="65" ymin="55" ymax="83" />
        <point x="10/16/2008" y="68" ymin="58" ymax="86" />
        <point x="10/17/2008" y="69" ymin="59" ymax="86" />
        <point x="10/18/2008" y="58" ymin="53" ymax="65" />
        <point x="10/19/2008" y="54" ymin="52" ymax="57" />
        <point x="10/20/2008" y="57" ymin="51" ymax="65" />
        <point x="10/21/2008" y="62" ymin="52" ymax="79" />
        <point x="10/22/2008" y="67" ymin="55" ymax="83" />
        <point x="10/23/2008" y="70" ymin="61" ymax="85" />
        <point x="10/24/2008" y="66" ymin="59" ymax="86" />
        <point x="10/25/2008" y="67" ymin="57" ymax="82" />
        <point x="10/26/2008" y="57" ymin="52" ymax="66" />
        <point x="10/27/2008" y="55" ymin="51" ymax="65" />
        <point x="10/28/2008" y="55" ymin="50" ymax="65" />
        <point x="10/29/2008" y="54" ymin="49" ymax="64" />
        <point x="10/30/2008" y="56" ymin="51" ymax="61" />
        <point x="10/31/2008" y="61" ymin="58" ymax="66" />
        <point x="11/1/2008" y="58" ymin="34" ymax="63" />
        <point x="11/3/2008" y="56" ymin="53" ymax="61" />
        <point x="11/4/2008" y="54" ymin="51" ymax="61" />
        <point x="11/5/2008" y="55" ymin="46" ymax="66" />
        <point x="11/6/2008" y="60" ymin="54" ymax="72" />
        <point x="11/7/2008" y="60" ymin="52" ymax="75" />
        <point x="11/8/2008" y="56" ymin="53" ymax="62" />
        <point x="11/9/2008" y="56" ymin="52" ymax="63" />
        <point x="11/10/2008" y="55" ymin="49" ymax="62" />
        <point x="11/11/2008" y="58" ymin="53" ymax="64" />
        <point x="11/12/2008" y="59" ymin="56" ymax="68" />
        <point x="11/13/2008" y="61" ymin="52" ymax="74" />
        <point x="11/14/2008" y="67" ymin="55" ymax="80" />
        <point x="11/15/2008" y="70" ymin="60" ymax="82" />
        <point x="11/16/2008" y="66" ymin="58" ymax="78" />
        <point x="11/17/2008" y="66" ymin="57" ymax="77" />
        <point x="11/18/2008" y="56" ymin="52" ymax="62" />
        <point x="11/19/2008" y="54" ymin="52" ymax="57" />
        <point x="11/20/2008" y="58" ymin="54" ymax="66" />
        <point x="11/21/2008" y="55" ymin="47" ymax="67" />
        <point x="11/22/2008" y="55" ymin="47" ymax="68" />
        <point x="11/23/2008" y="56" ymin="49" ymax="69" />
        <point x="11/24/2008" y="56" ymin="49" ymax="64" />
        <point x="11/25/2008" y="57" ymin="52" ymax="61" />
        <point x="11/26/2008" y="55" ymin="53" ymax="58" />
        <point x="11/27/2008" y="55" ymin="53" ymax="61" />
        <point x="11/28/2008" y="54" ymin="50" ymax="60" />
        <point x="11/29/2008" y="57" ymin="50" ymax="68" />
        <point x="11/30/2008" y="58" ymin="51" ymax="70" />
        <point x="12/1/2008" y="55" ymin="53" ymax="57" />
        <point x="12/2/2008" y="56" ymin="52" ymax="64" />
        <point x="12/3/2008" y="54" ymin="50" ymax="59" />
        <point x="12/4/2008" y="53" ymin="47" ymax="62" />
        <point x="12/5/2008" y="54" ymin="46" ymax="66" />
        <point x="12/6/2008" y="53" ymin="47" ymax="62" />
        <point x="12/7/2008" y="50" ymin="44" ymax="56" />
        <point x="12/8/2008" y="51" ymin="46" ymax="55" />
        <point x="12/9/2008" y="50" ymin="42" ymax="59" />
        <point x="12/10/2008" y="52" ymin="47" ymax="63" />
        <point x="12/11/2008" y="54" ymin="48" ymax="63" />
        <point x="12/12/2008" y="53" ymin="48" ymax="60" />
        <point x="12/13/2008" y="49" ymin="45" ymax="55" />
        <point x="12/14/2008" y="46" ymin="43" ymax="50" />
        <point x="12/15/2008" y="46" ymin="41" ymax="51" />
        <point x="12/16/2008" y="42" ymin="39" ymax="47" />
        <point x="12/17/2008" y="45" ymin="39" ymax="53" />
        <point x="12/18/2008" y="47" ymin="38" ymax="55" />
        <point x="12/19/2008" y="50" ymin="45" ymax="55" />
        <point x="12/20/2008" y="46" ymin="39" ymax="54" />
        <point x="12/21/2008" y="48" ymin="46" ymax="51" />
        <point x="12/22/2008" y="49" ymin="44" ymax="54" />
        <point x="12/23/2008" y="48" ymin="43" ymax="53" />
        <point x="12/24/2008" y="50" ymin="46" ymax="54" />
        <point x="12/25/2008" y="48" ymin="45" ymax="53" />
        <point x="12/29/2008" y="53" ymin="47" ymax="63" />
        <point x="12/30/2008" y="51" ymin="46" ymax="58" />
        <point x="12/31/2008" y="48" ymin="45" ymax="55" />
        <point x="1/1/2009" y="48" ymin="44" ymax="51" />
        <point x="1/2/2009" y="50" ymin="45" ymax="55" />
        <point x="1/3/2009" y="46" ymin="40" ymax="54" />
        <point x="1/4/2009" y="45" ymin="36" ymax="54" />
        <point x="1/5/2009" y="46" ymin="45" ymax="48" />
        <point x="1/6/2009" y="49" ymin="44" ymax="54" />
        <point x="1/7/2009" y="47" ymin="44" ymax="52" />
        <point x="1/8/2009" y="49" ymin="46" ymax="56" />
        <point x="1/9/2009" y="51" ymin="41" ymax="62" />
        <point x="1/10/2009" y="56" ymin="48" ymax="66" />
        <point x="1/11/2009" y="55" ymin="44" ymax="70" />
        <point x="1/12/2009" y="62" ymin="49" ymax="76" />
        <point x="1/13/2009" y="64" ymin="55" ymax="75" />
        <point x="1/14/2009" y="59" ymin="48" ymax="70" />
        <point x="1/15/2009" y="60" ymin="48" ymax="74" />
        <point x="1/16/2009" y="60" ymin="48" ymax="72" />
        <point x="1/17/2009" y="57" ymin="48" ymax="68" />
        <point x="1/18/2009" y="58" ymin="49" ymax="70" />
        <point x="1/19/2009" y="58" ymin="46" ymax="71" />
        <point x="1/20/2009" y="58" ymin="47" ymax="71" />
        <point x="1/21/2009" y="57" ymin="52" ymax="62" />
        <point x="1/22/2009" y="53" ymin="51" ymax="55" />
        <point x="1/23/2009" y="55" ymin="53" ymax="56" />
        <point x="1/24/2009" y="52" ymin="49" ymax="55" />
        <point x="1/25/2009" y="50" ymin="46" ymax="55" />
        <point x="1/26/2009" y="49" ymin="43" ymax="57" />
        <point x="1/27/2009" y="50" ymin="43" ymax="58" />
        <point x="1/28/2009" y="51" ymin="43" ymax="61" />
        <point x="1/29/2009" y="56" ymin="44" ymax="70" />
        <point x="1/30/2009" y="56" ymin="47" ymax="69" />
        <point x="1/31/2009" y="52" ymin="44" ymax="69" />
        <point x="2/1/2009" y="54" ymin="44" ymax="70" />
        <point x="2/2/2009" y="57" ymin="47" ymax="69" />
        <point x="2/3/2009" y="57" ymin="47" ymax="71" />
        <point x="2/4/2009" y="55" ymin="47" ymax="67" />
        <point x="2/5/2009" y="54" ymin="51" ymax="58" />
        <point x="2/6/2009" y="53" ymin="51" ymax="55" />
        <point x="2/7/2009" y="54" ymin="48" ymax="63" />
        <point x="2/8/2009" y="50" ymin="45" ymax="56" />
        <point x="2/9/2009" y="47" ymin="43" ymax="56" />
        <point x="2/10/2009" y="47" ymin="38" ymax="54" />
        <point x="2/11/2009" y="48" ymin="43" ymax="56" />
        <point x="2/12/2009" y="48" ymin="44" ymax="55" />
        <point x="2/13/2009" y="46" ymin="43" ymax="54" />
        <point x="2/14/2009" y="48" ymin="43" ymax="54" />
        <point x="2/15/2009" y="48" ymin="46" ymax="51" />
        <point x="2/16/2009" y="49" ymin="47" ymax="56" />
        <point x="2/17/2009" y="50" ymin="47" ymax="54" />
        <point x="2/18/2009" y="52" ymin="45" ymax="60" />
        <point x="2/19/2009" y="54" ymin="43" ymax="66" />
        <point x="2/20/2009" y="57" ymin="49" ymax="68" />
        <point x="2/21/2009" y="56" ymin="50" ymax="63" />
        <point x="2/22/2009" y="55" ymin="53" ymax="58" />
        <point x="2/23/2009" y="56" ymin="52" ymax="60" />
        <point x="2/24/2009" y="52" ymin="50" ymax="53" />
        <point x="2/25/2009" y="55" ymin="51" ymax="61" />
        <point x="2/26/2009" y="54" ymin="48" ymax="60" />
        <point x="2/27/2009" y="53" ymin="46" ymax="62" />
        <point x="2/28/2009" y="56" ymin="50" ymax="66" />
        <point x="3/1/2009" y="57" ymin="54" ymax="59" />
        <point x="3/2/2009" y="56" ymin="53" ymax="61" />
        <point x="3/3/2009" y="52" ymin="48" ymax="58" />
        <point x="3/4/2009" y="50" ymin="44" ymax="58" />
        <point x="3/5/2009" y="51" ymin="46" ymax="60" />
        <point x="3/6/2009" y="52" ymin="47" ymax="58" />
        <point x="3/7/2009" y="52" ymin="43" ymax="65" />
        <point x="3/8/2009" y="53" ymin="50" ymax="60" />
        <point x="3/21/2009" y="55" ymin="53" ymax="60" />
        <point x="3/22/2009" y="50" ymin="45" ymax="58" />
        <point x="3/23/2009" y="51" ymin="44" ymax="59" />
        <point x="3/24/2009" y="54" ymin="43" ymax="66" />
        <point x="3/25/2009" y="56" ymin="47" ymax="68" />
        <point x="3/26/2009" y="58" ymin="51" ymax="68" />
        <point x="3/27/2009" y="61" ymin="52" ymax="75" />
        <point x="3/28/2009" y="59" ymin="51" ymax="71" />
        <point x="3/29/2009" y="56" ymin="48" ymax="64" />
        <point x="3/30/2009" y="57" ymin="51" ymax="68" />
        <point x="3/31/2009" y="56" ymin="47" ymax="70" />
        <point x="4/1/2009" y="57" ymin="50" ymax="68" />
        <point x="4/2/2009" y="52" ymin="48" ymax="60" />
        <point x="4/3/2009" y="53" ymin="47" ymax="61" />
        <point x="4/4/2009" y="55" ymin="43" ymax="70" />
        <point x="4/5/2009" y="61" ymin="46" ymax="80" />
        <point x="4/6/2009" y="61" ymin="51" ymax="79" />
        <point x="4/7/2009" y="55" ymin="51" ymax="63" />
        <point x="4/8/2009" y="55" ymin="50" ymax="64" />
        <point x="4/9/2009" y="53" ymin="50" ymax="58" />
        <point x="4/10/2009" y="54" ymin="48" ymax="63" />
        <point x="4/11/2009" y="53" ymin="46" ymax="61" />
        <point x="4/12/2009" y="56" ymin="49" ymax="66" />
        <point x="4/13/2009" y="56" ymin="49" ymax="65" />
        <point x="4/14/2009" y="50" ymin="45" ymax="57" />
        <point x="4/15/2009" y="46" ymin="46" ymax="47" />
        <point x="4/16/2009" y="52" ymin="44" ymax="61" />
        <point x="4/17/2009" y="54" ymin="46" ymax="70" />
        <point x="4/18/2009" y="62" ymin="52" ymax="74" />
        <point x="4/19/2009" y="70" ymin="51" ymax="92" />
        <point x="4/20/2009" y="77" ymin="60" ymax="99" />
        <point x="4/21/2009" y="78" ymin="64" ymax="93" />
        <point x="4/22/2009" y="62" ymin="52" ymax="71" />
        <point x="4/23/2009" y="54" ymin="50" ymax="61" />
        <point x="4/24/2009" y="52" ymin="48" ymax="59" />
        <point x="4/25/2009" y="52" ymin="45" ymax="60" />
        <point x="4/26/2009" y="53" ymin="46" ymax="63" />
        <point x="4/27/2009" y="51" ymin="48" ymax="57" />
        <point x="4/28/2009" y="52" ymin="47" ymax="60" />
        <point x="4/29/2009" y="53" ymin="46" ymax="61" />
        <point x="4/30/2009" y="54" ymin="47" ymax="69" />
        <point x="5/1/2009" y="56" ymin="51" ymax="62" />
        <point x="5/2/2009" y="59" ymin="55" ymax="65" />
        <point x="5/3/2009" y="59" ymin="53" ymax="66" />
        <point x="5/4/2009" y="60" ymin="52" ymax="71" />
        <point x="5/5/2009" y="61" ymin="57" ymax="69" />
        <point x="5/6/2009" y="61" ymin="55" ymax="73" />
        <point x="5/7/2009" y="61" ymin="51" ymax="72" />
        <point x="5/8/2009" y="60" ymin="51" ymax="71" />
        <point x="5/9/2009" y="57" ymin="50" ymax="69" />
        <point x="5/10/2009" y="57" ymin="50" ymax="68" />
        <point x="5/11/2009" y="56" ymin="50" ymax="65" />
        <point x="5/12/2009" y="57" ymin="47" ymax="67" />
        <point x="5/13/2009" y="59" ymin="50" ymax="70" />
        <point x="5/14/2009" y="58" ymin="51" ymax="69" />
        <point x="5/15/2009" y="58" ymin="51" ymax="67" />
        <point x="5/16/2009" y="70" ymin="54" ymax="93" />
        <point x="5/17/2009" y="70" ymin="55" ymax="92" />
        <point x="5/18/2009" y="55" ymin="51" ymax="63" />
        <point x="5/19/2009" y="56" ymin="51" ymax="64" />
        <point x="5/20/2009" y="55" ymin="49" ymax="62" />
        <point x="5/21/2009" y="54" ymin="49" ymax="65" />
        <point x="5/22/2009" y="54" ymin="51" ymax="63" />
        <point x="5/23/2009" y="52" ymin="50" ymax="56" />
        <point x="5/24/2009" y="51" ymin="49" ymax="56" />
        <point x="5/25/2009" y="54" ymin="49" ymax="63" />
        <point x="5/26/2009" y="59" ymin="49" ymax="73" />
        <point x="5/27/2009" y="57" ymin="52" ymax="64" />
        <point x="5/28/2009" y="55" ymin="51" ymax="62" />
        <point x="5/29/2009" y="57" ymin="52" ymax="63" />
        <point x="5/30/2009" y="56" ymin="54" ymax="62" />
        <point x="5/31/2009" y="55" ymin="53" ymax="60" />
        <point x="6/1/2009" y="56" ymin="53" ymax="61" />
        <point x="6/2/2009" y="57" ymin="52" ymax="68" />
        <point x="6/3/2009" y="58" ymin="53" ymax="67" />
        <point x="6/4/2009" y="59" ymin="55" ymax="67" />
        <point x="6/5/2009" y="62" ymin="57" ymax="70" />
        <point x="6/6/2009" y="61" ymin="57" ymax="68" />
        <point x="6/7/2009" y="61" ymin="56" ymax="67" />
        <point x="6/8/2009" y="58" ymin="55" ymax="62" />
        <point x="6/9/2009" y="60" ymin="56" ymax="66" />
        <point x="6/10/2009" y="61" ymin="57" ymax="69" />
        <point x="6/11/2009" y="60" ymin="56" ymax="68" />
        <point x="6/12/2009" y="60" ymin="56" ymax="67" />
        <point x="6/13/2009" y="62" ymin="56" ymax="70" />
        <point x="6/14/2009" y="62" ymin="57" ymax="69" />
        <point x="6/15/2009" y="61" ymin="58" ymax="68" />
        <point x="6/16/2009" y="59" ymin="57" ymax="66" />
        <point x="6/17/2009" y="60" ymin="57" ymax="66" />
        <point x="6/18/2009" y="63" ymin="56" ymax="75" />
        <point x="6/19/2009" y="62" ymin="55" ymax="71" />
        <point x="6/20/2009" y="59" ymin="53" ymax="69" />
        <point x="6/21/2009" y="60" ymin="53" ymax="70" />
        <point x="6/22/2009" y="62" ymin="54" ymax="75" />
        <point x="6/23/2009" y="63" ymin="54" ymax="77" />
        <point x="6/24/2009" y="59" ymin="54" ymax="69" />
        <point x="6/25/2009" y="58" ymin="54" ymax="66" />
        <point x="6/26/2009" y="60" ymin="53" ymax="70" />
        <point x="6/27/2009" y="68" ymin="53" ymax="85" />
        <point x="6/28/2009" y="68" ymin="60" ymax="78" />
        <point x="6/29/2009" y="61" ymin="56" ymax="68" />
        <point x="6/30/2009" y="61" ymin="56" ymax="68" />
        <point x="7/1/2009" y="61" ymin="56" ymax="68" />
        <point x="7/2/2009" y="60" ymin="56" ymax="66" />
        <point x="7/3/2009" y="58" ymin="55" ymax="65" />
        <point x="7/4/2009" y="60" ymin="54" ymax="67" />
        <point x="7/5/2009" y="57" ymin="55" ymax="63" />
        <point x="7/6/2009" y="60" ymin="54" ymax="69" />
        <point x="7/7/2009" y="58" ymin="56" ymax="62" />
        <point x="7/8/2009" y="62" ymin="52" ymax="71" />
        <point x="7/9/2009" y="59" ymin="53" ymax="68" />
        <point x="7/10/2009" y="59" ymin="54" ymax="66" />
        <point x="7/11/2009" y="58" ymin="53" ymax="68" />
        <point x="7/12/2009" y="60" ymin="53" ymax="70" />
        <point x="7/13/2009" y="66" ymin="53" ymax="84" />
        <point x="7/14/2009" y="68" ymin="58" ymax="86" />
        <point x="7/15/2009" y="59" ymin="53" ymax="66" />
        <point x="7/16/2009" y="57" ymin="52" ymax="69" />
        <point x="7/17/2009" y="58" ymin="52" ymax="69" />
        <point x="7/18/2009" y="60" ymin="54" ymax="74" />
        <point x="7/19/2009" y="61" ymin="54" ymax="73" />
        <point x="7/20/2009" y="57" ymin="54" ymax="62" />
        <point x="7/21/2009" y="56" ymin="53" ymax="61" />
        <point x="7/22/2009" y="56" ymin="52" ymax="60" />
        <point x="7/23/2009" y="55" ymin="52" ymax="61" />
        <point x="7/24/2009" y="56" ymin="53" ymax="62" />
        <point x="7/25/2009" y="56" ymin="52" ymax="67" />
        <point x="7/26/2009" y="57" ymin="53" ymax="72" />
        <point x="7/27/2009" y="57" ymin="52" ymax="70" />
        <point x="7/28/2009" y="58" ymin="55" ymax="63" />
        <point x="7/29/2009" y="58" ymin="58" ymax="58" />
        <point x="7/30/2009" y="60" ymin="56" ymax="65" />
        <point x="7/31/2009" y="58" ymin="55" ymax="64" />
        <point x="8/1/2009" y="58" ymin="55" ymax="64" />
        <point x="8/2/2009" y="60" ymin="56" ymax="66" />
        <point x="8/3/2009" y="62" ymin="56" ymax="70" />
        <point x="8/4/2009" y="64" ymin="57" ymax="73" />
        <point x="8/5/2009" y="62" ymin="58" ymax="72" />
        <point x="8/6/2009" y="63" ymin="59" ymax="71" />
        <point x="8/7/2009" y="63" ymin="58" ymax="71" />
        <point x="8/8/2009" y="64" ymin="58" ymax="76" />
        <point x="8/9/2009" y="66" ymin="57" ymax="82" />
        <point x="8/10/2009" y="66" ymin="59" ymax="82" />
        <point x="8/11/2009" y="61" ymin="58" ymax="66" />
        <point x="8/12/2009" y="66" ymin="57" ymax="79" />
        <point x="8/13/2009" y="63" ymin="57" ymax="74" />
        <point x="8/14/2009" y="61" ymin="56" ymax="70" />
        <point x="8/15/2009" y="62" ymin="55" ymax="76" />
        <point x="8/16/2009" y="62" ymin="55" ymax="73" />
        <point x="8/17/2009" y="58" ymin="55" ymax="64" />
        <point x="8/18/2009" y="59" ymin="55" ymax="65" />
        <point x="8/19/2009" y="59" ymin="57" ymax="65" />
        <point x="8/20/2009" y="60" ymin="56" ymax="67" />
        <point x="8/21/2009" y="62" ymin="56" ymax="78" />
        <point x="8/22/2009" y="59" ymin="56" ymax="64" />
        <point x="8/23/2009" y="58" ymin="55" ymax="65" />
        <point x="8/24/2009" y="58" ymin="54" ymax="64" />
        <point x="8/25/2009" y="60" ymin="55" ymax="70" />
        <point x="8/26/2009" y="59" ymin="55" ymax="68" />
        <point x="8/27/2009" y="66" ymin="53" ymax="87" />
        <point x="8/28/2009" y="76" ymin="63" ymax="97" />
        <point x="8/29/2009" y="73" ymin="58" ymax="87" />
        <point x="8/30/2009" y="57" ymin="55" ymax="62" />
        <point x="8/31/2009" y="59" ymin="54" ymax="69" />
        <point x="9/1/2009" y="63" ymin="58" ymax="72" />
        <point x="9/2/2009" y="70" ymin="61" ymax="90" />
        <point x="9/3/2009" y="67" ymin="58" ymax="79" />
        <point x="9/4/2009" y="59" ymin="54" ymax="66" />
        <point x="9/5/2009" y="62" ymin="56" ymax="70" />
        <point x="9/6/2009" y="62" ymin="57" ymax="69" />
        <point x="9/7/2009" y="63" ymin="56" ymax="73" />
        <point x="9/8/2009" y="61" ymin="55" ymax="71" />
        <point x="9/9/2009" y="58" ymin="54" ymax="66" />
        <point x="9/10/2009" y="65" ymin="55" ymax="82" />
        <point x="9/11/2009" y="62" ymin="54" ymax="76" />
        <point x="9/12/2009" y="60" ymin="58" ymax="64" />
        <point x="9/13/2009" y="64" ymin="59" ymax="73" />
        <point x="9/14/2009" y="63" ymin="58" ymax="69" />
        <point x="9/15/2009" y="63" ymin="57" ymax="73" />
        <point x="9/16/2009" y="63" ymin="58" ymax="72" />
        <point x="9/17/2009" y="67" ymin="59" ymax="79" />
        <point x="9/18/2009" y="70" ymin="62" ymax="89" />
        <point x="9/19/2009" y="62" ymin="58" ymax="73" />
        <point x="9/20/2009" y="63" ymin="57" ymax="76" />
        <point x="9/21/2009" y="61" ymin="56" ymax="71" />
        <point x="9/22/2009" y="62" ymin="55" ymax="77" />
        <point x="9/23/2009" y="58" ymin="56" ymax="65" />
        <point x="9/24/2009" y="58" ymin="55" ymax="65" />
        <point x="9/25/2009" y="61" ymin="55" ymax="73" />
        <point x="9/26/2009" y="66" ymin="53" ymax="87" />
        <point x="9/27/2009" y="68" ymin="59" ymax="84" />
        <point x="9/28/2009" y="59" ymin="56" ymax="63" />
        <point x="9/29/2009" y="58" ymin="55" ymax="64" />
        <point x="9/30/2009" y="58" ymin="51" ymax="70" />
        <point x="10/1/2009" y="64" ymin="52" ymax="79" />
        <point x="10/2/2009" y="63" ymin="55" ymax="77" />
        <point x="10/3/2009" y="57" ymin="52" ymax="63" />
        <point x="10/4/2009" y="55" ymin="50" ymax="62" />
        <point x="10/5/2009" y="57" ymin="50" ymax="68" />
        <point x="10/6/2009" y="60" ymin="50" ymax="74" />
        <point x="10/7/2009" y="58" ymin="53" ymax="68" />
        <point x="10/8/2009" y="57" ymin="54" ymax="62" />
        <point x="10/9/2009" y="56" ymin="52" ymax="63" />
        <point x="10/10/2009" y="54" ymin="51" ymax="59" />
        <point x="10/11/2009" y="54" ymin="51" ymax="59" />
        <point x="10/12/2009" y="60" ymin="56" ymax="66" />
        <point x="10/13/2009" y="61" ymin="58" ymax="64" />
        <point x="10/14/2009" y="66" ymin="63" ymax="76" />
        <point x="10/15/2009" y="67" ymin="64" ymax="76" />
        <point x="10/16/2009" y="67" ymin="59" ymax="79" />
        <point x="10/17/2009" y="64" ymin="56" ymax="74" />
        <point x="10/18/2009" y="59" ymin="56" ymax="63" />
        <point x="10/19/2009" y="60" ymin="57" ymax="68" />
        <point x="10/20/2009" y="59" ymin="56" ymax="67" />
        <point x="10/21/2009" y="60" ymin="54" ymax="71" />
        <point x="10/22/2009" y="62" ymin="57" ymax="72" />
        <point x="10/23/2009" y="63" ymin="55" ymax="75" />
        <point x="10/24/2009" y="61" ymin="55" ymax="74" />
        <point x="10/25/2009" y="64" ymin="54" ymax="81" />
        <point x="10/26/2009" y="62" ymin="57" ymax="71" />
        <point x="10/27/2009" y="59" ymin="54" ymax="69" />
        <point x="10/28/2009" y="58" ymin="53" ymax="67" />
        <point x="10/29/2009" y="58" ymin="51" ymax="67" />
        <point x="10/30/2009" y="59" ymin="52" ymax="74" />
        <point x="10/31/2009" y="58" ymin="53" ymax="72" />
        <point x="11/1/2009" y="63" ymin="52" ymax="77" />
        <point x="11/2/2009" y="66" ymin="56" ymax="81" />
        <point x="11/3/2009" y="66" ymin="56" ymax="80" />
        <point x="11/4/2009" y="58" ymin="54" ymax="65" />
        <point x="11/5/2009" y="61" ymin="57" ymax="68" />
        <point x="11/6/2009" y="59" ymin="53" ymax="63" />
        <point x="11/7/2009" y="56" ymin="49" ymax="65" />
        <point x="11/8/2009" y="57" ymin="50" ymax="68" />
        <point x="11/9/2009" y="56" ymin="49" ymax="64" />
        <point x="11/10/2009" y="58" ymin="54" ymax="66" />
        <point x="11/11/2009" y="58" ymin="54" ymax="65" />
        <point x="11/12/2009" y="56" ymin="51" ymax="62" />
        <point x="11/13/2009" y="53" ymin="48" ymax="60" />
        <point x="11/14/2009" y="54" ymin="50" ymax="61" />
        <point x="11/15/2009" y="53" ymin="44" ymax="65" />
        <point x="11/16/2009" y="54" ymin="47" ymax="66" />
        <point x="11/17/2009" y="54" ymin="45" ymax="64" />
        <point x="11/18/2009" y="53" ymin="48" ymax="62" />
        <point x="11/19/2009" y="53" ymin="44" ymax="63" />
        <point x="11/20/2009" y="52" ymin="46" ymax="58" />
        <point x="11/21/2009" y="51" ymin="47" ymax="59" />
        <point x="11/22/2009" y="53" ymin="49" ymax="59" />
        <point x="11/23/2009" y="54" ymin="44" ymax="66" />
        <point x="11/24/2009" y="58" ymin="48" ymax="69" />
        <point x="11/26/2009" y="55" ymin="50" ymax="67" />
        <point x="11/27/2009" y="54" ymin="51" ymax="58" />
        <point x="11/29/2009" y="60" ymin="49" ymax="71" />
        <point x="11/30/2009" y="55" ymin="48" ymax="64" />
        <point x="12/1/2009" y="52" ymin="46" ymax="64" />
        <point x="12/2/2009" y="48" ymin="45" ymax="55" />
        <point x="12/3/2009" y="50" ymin="46" ymax="58" />
        <point x="12/4/2009" y="48" ymin="44" ymax="57" />
      </points>
      <label>SF</label>
    </curve>
  </curves>
  <description><![CDATA[Daily Temperatures in San Francisco. Click and drag to zoom. Double-click to zoom back out.]]></description>
</plot>